LEAID,SHYEAR,AGCHRT,LAT,LON
200100,1998-99,2,64.043512,-145.713173
200130,1998-99,2,64.748013,-156.872367
200150,1998-99,2,55.3527,-131.6774
200180,1998-99,2,61.1951,-149.775871
200210,1998-99,2,58.302824,-134.423582
200390,1998-99,2,60.49,-151.0723
200510,1998-99,2,61.611606,-149.103123
200520,1998-99,2,62.948539,-155.585318
200570,1998-99,2,64.542453,-165.40547
200600,1998-99,2,64.842168,-147.718047
600012,1998-99,2,39.37401,-120.995031
600016,1998-99,2,34.0982,-117.651
600017,1998-99,2,34.479906,-117.190171
600028,1998-99,2,33.504107,-117.113138
600034,1998-99,2,38.54943,-122.814051
600036,1998-99,2,38.6467,-121.5032
600038,1998-99,2,40.326584,-124.249955
600048,1998-99,2,35.61497,-120.671721
600062,1998-99,2,37.7653,-120.8473
602850,1998-99,2,38.0144,-121.8138
604080,1998-99,2,37.331439,-119.639238
605670,1998-99,2,33.28701,-117.219281
606450,1998-99,2,34.1655,-118.3249
608610,1998-99,2,32.631938,-117.058499
611110,1998-99,2,33.7024,-116.2763
611870,1998-99,2,38.25474,-119.229056
612810,1998-99,2,40.57746,-122.349461
612910,1998-99,2,33.1359,-117.0507
613890,1998-99,2,38.628591,-121.199981
614400,1998-99,2,37.5085,-121.9547
614550,1998-99,2,36.7363,-119.7868
615780,1998-99,2,39.22139,-121.076441
616230,1998-99,2,32.7807,-116.9863
616620,1998-99,2,38.389369,-122.930747
616650,1998-99,2,37.666774,-121.066562
617160,1998-99,2,37.620337,-120.748694
619540,1998-99,2,35.342212,-119.065061
619620,1998-99,2,37.55264,-120.908901
619890,1998-99,2,36.329895,-119.582694
620790,1998-99,2,32.8568,-116.9258
622500,1998-99,2,33.8287,-118.2135
622710,1998-99,2,34.05628,-118.25724
624600,1998-99,2,37.307094,-120.479102
625800,1998-99,2,33.9174,-117.2152
625860,1998-99,2,34.151641,-116.036568
626040,1998-99,2,41.318666,-122.309487
626640,1998-99,2,38.30873,-122.296941
626820,1998-99,2,39.254164,-121.031734
627590,1998-99,2,36.795961,-121.785823
627720,1998-99,2,38.1096,-122.5782
628050,1998-99,2,37.83321,-122.276571
628650,1998-99,2,33.8107,-117.827
629130,1998-99,2,39.5094,-121.5471
629490,1998-99,2,36.939516,-121.76868
629820,1998-99,2,39.7787,-121.5899
630210,1998-99,2,33.7823,-117.2271
630450,1998-99,2,38.473713,-122.74666
630750,1998-99,2,38.942323,-121.07924
630780,1998-99,2,38.727792,-120.794414
631170,1998-99,2,39.93414,-120.911491
631860,1998-99,2,37.463362,-122.143925
631950,1998-99,2,39.254813,-121.198362
632130,1998-99,2,37.488641,-122.22739
632430,1998-99,2,35.799938,-119.10506
632790,1998-99,2,NA,NA
633720,1998-99,2,39.7944,-123.2579
633840,1998-99,2,38.51142,-121.438441
634290,1998-99,2,37.50127,-122.247591
634320,1998-99,2,32.75528,-117.147591
634410,1998-99,2,37.7794,-122.4219
634425,1998-99,2,34.097209,-118.105117
634440,1998-99,2,33.765155,-116.958742
634620,1998-99,2,38.6333,-121.3459
634740,1998-99,2,37.084253,-122.074164
634800,1998-99,2,35.279622,-120.649473
635360,1998-99,2,NA,NA
635600,1998-99,2,36.99178,-121.959561
636180,1998-99,2,38.400884,-122.831047
636780,1998-99,2,39.685645,-120.2496
636970,1998-99,2,34.418986,-117.573048
636972,1998-99,2,34.53078,-117.306321
637200,1998-99,2,38.3128,-122.4929
638770,1998-99,2,39.324813,-120.216168
640380,1998-99,2,39.20631,-121.036051
640590,1998-99,2,38.3648,-121.9528
641040,1998-99,2,34.47341,-117.298571
641160,1998-99,2,36.3239,-119.3467
641190,1998-99,2,33.2257,-117.222381
642000,1998-99,2,34.0647,-117.949441
642060,1998-99,2,36.694154,-119.854179
642140,1998-99,2,38.8932,-121.2921
691002,1998-99,2,39.512266,-121.556437
691006,1998-99,2,38.720736,-120.866662
691012,1998-99,2,35.374349,-119.016529
691018,1998-99,2,38.0136,-122.5501
691024,1998-99,2,33.674038,-117.880501
691048,1998-99,2,39.15008,-121.598501
691051,1998-99,2,37.658227,-122.097227
691078,1998-99,2,33.916402,-118.129286
1200030,1998-99,2,29.652601,-82.318978
1200150,1998-99,2,28.2486,-80.736111
1200180,1998-99,2,26.1146,-80.1402
1200330,1998-99,2,26.220717,-81.758588
1200390,1998-99,2,25.7889,-80.1907
1200480,1998-99,2,30.34553,-81.665539
1200510,1998-99,2,30.413,-87.2417
1200600,1998-99,2,30.577594,-84.577506
1200870,1998-99,2,27.94927,-82.452141
1200930,1998-99,2,27.644808,-80.402818
1200960,1998-99,2,30.776374,-85.227119
1201050,1998-99,2,28.812866,-81.728213
1201110,1998-99,2,30.44064,-84.334411
1201230,1998-99,2,27.49458,-82.564781
1201320,1998-99,2,24.56389,-81.798081
1201380,1998-99,2,30.40603,-86.607291
1201440,1998-99,2,28.55016,-81.384251
1201470,1998-99,2,28.298862,-81.361484
1201500,1998-99,2,26.64948,-80.093271
1201560,1998-99,2,27.91278,-82.791551
1201590,1998-99,2,27.87547,-81.846201
1201650,1998-99,2,30.6196,-87.039
1201680,1998-99,2,27.279691,-82.53179
1201710,1998-99,2,28.757833,-81.284142
1201770,1998-99,2,27.42588,-80.371131
1201920,1998-99,2,29.03018,-81.308471
1201980,1998-99,2,30.72067,-86.098551
1300330,1998-99,2,34.222837,-84.815927
1302520,1998-99,2,33.24681,-84.262143
1500030,1998-99,2,21.308737,-157.854998
1600490,1998-99,2,43.638269,-113.305523
1602220,1998-99,2,46.7401,-116.9831
1708040,1998-99,2,38.56327,-90.157051
1709930,1998-99,2,41.882042,-87.62912
1737080,1998-99,2,39.799617,-89.685526
2005580,1998-99,2,37.735043,-100.019139
2200540,1998-99,2,30.4392,-91.1343
2200630,1998-99,2,30.67895,-92.280942
2200840,1998-99,2,29.8864,-90.055
2200870,1998-99,2,30.2119,-91.9934
2201170,1998-99,2,29.925466,-90.0217
2201260,1998-99,2,30.693794,-91.439756
2201740,1998-99,2,29.6009,-90.7391
3200480,1998-99,2,39.5367,-119.8099
3500060,1998-99,2,35.103109,-106.572932
3502370,1998-99,2,35.688143,-105.948894
3904490,1998-99,2,41.6849,-83.5532
4400900,1998-99,2,41.8177,-71.4213
4501440,1998-99,2,32.7882,-79.9309
4502280,1998-99,2,33.3808,-79.2958
4502310,1998-99,2,34.8437,-82.3964
5500390,1998-99,2,44.2618,-88.406
5500960,1998-99,2,43.465329,-88.821594
5503270,1998-99,2,43.046364,-89.079191
5504050,1998-99,2,44.8118,-91.496321
5505550,1998-99,2,NA,NA
5507320,1998-99,2,42.58909,-87.853351
5507530,1998-99,2,43.803168,-91.228667
5507590,1998-99,2,45.47188,-91.075933
5507770,1998-99,2,42.84794,-90.719589
5508520,1998-99,2,43.070589,-89.395035
5509090,1998-99,2,44.90133,-91.929841
5509510,1998-99,2,43.093407,-89.503657
5509810,1998-99,2,43.06152,-89.327961
5509840,1998-99,2,42.6023,-89.6399
5513260,1998-99,2,42.9678,-87.8524
5514490,1998-99,2,44.497335,-89.568856
5515330,1998-99,2,42.99739,-89.533711
5517160,1998-99,2,45.9268,-89.6925
200001,1999-00,2,60.8026,-161.7704
200862,1999-00,2,64.83593,-147.826946
400153,1999-00,2,33.51583,-112.055421
602730,1999-00,2,39.029588,-123.387201
603090,1999-00,2,38.9132,-123.6936
607260,1999-00,2,39.453018,-121.04834
608370,1999-00,2,39.7341,-121.8257
612330,1999-00,2,38.4126,-121.3717
612880,1999-00,2,33.1181,-117.1147
614520,1999-00,2,40.785515,-124.082243
614950,1999-00,2,40.63057,-122.387401
615600,1999-00,2,34.79252,-118.853824
616325,1999-00,2,34.0096,-117.959
616920,1999-00,2,33.7437,-116.9902
618730,1999-00,2,32.7301,-116.8546
620820,1999-00,2,NA,NA
622230,1999-00,2,38.123345,-121.249946
623610,1999-00,2,37.811788,-121.251008
627030,1999-00,2,37.66853,-121.3244
628250,1999-00,2,33.205797,-117.362643
630030,1999-00,2,37.4738,-121.1612
632040,1999-00,2,40.530861,-122.372722
632070,1999-00,2,34.070063,-117.182749
633860,1999-00,2,33.62146,-117.683911
635250,1999-00,2,36.705868,-119.564462
635370,1999-00,2,NA,NA
635700,1999-00,2,34.022,-118.4795
635810,1999-00,2,38.4493,-122.7232
636600,1999-00,2,40.5874,-122.4043
640740,1999-00,2,38.106182,-122.279487
642350,1999-00,2,39.007779,-121.430997
642510,1999-00,2,34.410629,-118.509091
642560,1999-00,2,39.40017,-123.359675
691007,1999-00,2,36.735626,-119.790806
691023,1999-00,2,39.24784,-121.029361
691026,1999-00,2,33.978924,-117.380453
691036,1999-00,2,36.98809,-122.038941
691041,1999-00,2,37.63921,-120.996001
801920,1999-00,2,38.95383,-104.790561
802490,1999-00,2,40.01313,-105.200151
802580,1999-00,2,39.9869,-104.7692
802790,1999-00,2,38.446125,-105.229157
802910,1999-00,2,39.6295,-104.8852
802940,1999-00,2,38.80706,-104.835978
803060,1999-00,2,38.8491,-104.8124
803090,1999-00,2,37.3529,-108.5878
803360,1999-00,2,39.74575,-104.985751
803450,1999-00,2,39.3793,-104.8693
803480,1999-00,2,37.27692,-107.878361
803540,1999-00,2,39.66348,-106.816221
803720,1999-00,2,39.3568,-104.5989
803840,1999-00,2,39.223764,-105.999389
803990,1999-00,2,40.5893,-105.1223
804260,1999-00,2,39.538879,-107.325058
804410,1999-00,2,40.4217,-104.6926
804470,1999-00,2,38.5526,-106.9328
804530,1999-00,2,38.7967,-104.8106
804800,1999-00,2,39.73848,-105.163551
805220,1999-00,2,38.0839,-102.6211
805310,1999-00,2,39.6118,-105.0091
805370,1999-00,2,40.1555,-105.107
805700,1999-00,2,37.998078,-105.910005
805790,1999-00,2,38.4691,-107.877941
805820,1999-00,2,39.090689,-104.871157
805850,1999-00,2,38.271016,-108.548212
806120,1999-00,2,38.277126,-104.610509
806150,1999-00,2,38.268899,-104.520519
806750,1999-00,2,39.744988,-104.324367
806810,1999-00,2,39.582447,-106.090318
806900,1999-00,2,39.92571,-104.966541
807230,1999-00,2,39.822688,-105.041423
1200240,1999-00,2,27.00525,-82.145331
1200420,1999-00,2,27.221398,-81.848952
1201140,1999-00,2,29.45804,-82.634771
1201290,1999-00,2,27.196416,-80.245261
1201740,1999-00,2,29.89772,-81.316891
1201890,1999-00,2,30.017477,-82.338343
1201950,1999-00,2,30.17628,-84.379211
1301020,1999-00,2,32.0764,-81.0928
1301740,1999-00,2,33.83219,-84.195451
1304890,1999-00,2,30.875307,-83.918266
1600360,1999-00,2,43.57142,-116.283991
1600780,1999-00,2,47.69799,-116.805441
1602100,1999-00,2,43.59524,-116.378421
1602340,1999-00,2,43.5633,-116.578
1602640,1999-00,2,42.890388,-112.467286
1713320,1999-00,2,38.6243,-90.1499
2800750,1999-00,2,33.755551,-90.723491
2916400,1999-00,2,39.099681,-94.57971
3200030,1999-00,2,39.472,-118.7695
3200060,1999-00,2,36.1446,-115.2109
3602460,1999-00,2,42.65411,-73.755691
3620580,1999-00,2,40.7136,-74.0051
4108310,1999-00,2,45.144137,-122.576272
4501770,1999-00,2,33.70059,-80.212781
4502550,1999-00,2,34.24588,-80.634241
4503000,1999-00,2,33.915566,-82.303829
4900030,1999-00,2,40.388409,-111.796528
4900150,1999-00,2,39.60527,-110.816921
4900420,1999-00,2,40.6173,-111.9846
4900540,1999-00,2,39.36014,-112.568441
4901080,1999-00,2,40.45236,-109.541089
4901140,1999-00,2,37.107872,-113.586002
5500360,1999-00,2,45.13223,-89.159661
5502790,1999-00,2,45.002963,-91.723046
5504290,1999-00,2,42.67241,-88.538911
5504620,1999-00,2,45.977666,-89.876832
5504680,1999-00,2,43.7694,-88.4499
5507020,1999-00,2,42.67484,-89.018601
5508790,1999-00,2,43.1635,-89.0723
5508850,1999-00,2,43.786707,-90.086013
5509600,1999-00,2,43.0492,-87.9795
5510350,1999-00,2,44.559872,-90.587325
5510950,1999-00,2,44.87211,-88.128091
5511130,1999-00,2,42.630948,-89.255751
5513050,1999-00,2,44.86213,-92.615671
5513320,1999-00,2,NA,NA
5514640,1999-00,2,43.1758,-89.2267
5515360,1999-00,2,43.556793,-90.902712
5515840,1999-00,2,44.35531,-89.079421
7200030,1999-00,2,18.15537,-65.98777
200090,2000-01,2,55.474873,-133.135245
407820,2000-01,2,34.500021,-110.085006
505680,2000-01,2,33.213332,-92.664708
509000,2000-01,2,34.7493,-92.2792
511970,2000-01,2,36.3334,-94.1223
600011,2000-01,2,40.1419,-120.134
602670,2000-01,2,38.40627,-122.822611
602820,2000-01,2,34.69686,-118.136718
604890,2000-01,2,41.15723,-124.1305
607200,2000-01,2,37.289504,-121.947282
607440,2000-01,2,33.47968,-117.669921
607900,2000-01,2,38.7218,-121.3924
609850,2000-01,2,33.922878,-117.561012
614040,2000-01,2,41.259264,-123.32746
614130,2000-01,2,38.556499,-123.264271
614580,2000-01,2,NA,NA
619110,2000-01,2,33.077096,-116.595139
619140,2000-01,2,33.0788,-116.5949
620040,2000-01,2,37.968752,-121.660969
621420,2000-01,2,33.942486,-118.357037
622320,2000-01,2,40.643386,-124.218724
624090,2000-01,2,39.15849,-121.586051
625190,2000-01,2,41.487819,-120.555178
626970,2000-01,2,38.22743,-121.424
630480,2000-01,2,38.605938,-120.713712
634590,2000-01,2,37.3355,-121.9111
635310,2000-01,2,33.7426,-117.8467
635880,2000-01,2,32.852655,-116.983335
636000,2000-01,2,37.87259,-122.513621
636805,2000-01,2,37.03681,-119.521371
637380,2000-01,2,32.580226,-117.120476
640230,2000-01,2,38.388742,-122.852168
640300,2000-01,2,39.147752,-123.198825
643470,2000-01,2,39.1339,-121.6334
691021,2000-01,2,36.653262,-121.638442
691045,2000-01,2,36.328084,-119.320174
691052,2000-01,2,38.257383,-119.228567
802340,2000-01,2,39.7191,-104.8051
804320,2000-01,2,40.09323,-105.941085
804920,2000-01,2,40.110979,-104.52246
1200270,2000-01,2,28.83481,-82.342991
1201260,2000-01,2,29.183983,-82.132346
1201530,2000-01,2,28.262559,-82.476383
1201800,2000-01,2,28.6592,-82.1477
1300120,2000-01,2,33.748547,-84.391499
1301260,2000-01,2,31.034124,-82.7501
1301290,2000-01,2,33.9383,-84.5377
1302280,2000-01,2,33.68066,-84.414261
1303690,2000-01,2,31.2263,-84.2086
1305130,2000-01,2,34.543314,-85.312226
1600270,2000-01,2,43.186425,-112.341225
1711250,2000-01,2,41.439627,-87.642745
2005070,2000-01,2,37.1622,-94.8498
2200150,2000-01,2,31.125407,-92.07186
2929280,2000-01,2,38.633,-90.19451
3500510,2000-01,2,36.45079,-103.176963
3501410,2000-01,2,35.654744,-106.7363
3502100,2000-01,2,34.184321,-103.333035
3502520,2000-01,2,36.379772,-105.584896
4022770,2000-01,2,35.475368,-97.475201
4030240,2000-01,2,36.119564,-95.933537
4103480,2000-01,2,44.552216,-123.289552
4103660,2000-01,2,43.37677,-124.225188
4104740,2000-01,2,44.0624,-123.1052
4107500,2000-01,2,44.6391,-124.0608
4108100,2000-01,2,44.75111,-122.478491
4109630,2000-01,2,42.2737,-122.8214
4110040,2000-01,2,45.5347,-122.6713
4110820,2000-01,2,44.9584,-122.9836
4111040,2000-01,2,44.705142,-122.853548
4502580,2000-01,2,34.7179,-80.7707
4503780,2000-01,2,33.668977,-79.828067
4900360,2000-01,2,40.71565,-111.888294
4900870,2000-01,2,40.76674,-111.879131
5101620,2000-01,2,37.37879,-76.507461
5103300,2000-01,2,37.2834,-79.9401
5501050,2000-01,2,42.5137,-89.015801
5505520,2000-01,2,45.053077,-92.155153
5505730,2000-01,2,42.569719,-89.876061
5506750,2000-01,2,46.45589,-90.202521
5507410,2000-01,2,44.453943,-87.514198
5507650,2000-01,2,42.574582,-88.42264
5508190,2000-01,2,43.31892,-89.524571
5509030,2000-01,2,44.209532,-88.450046
5512060,2000-01,2,43.55862,-89.462841
5512150,2000-01,2,43.041452,-91.136402
5512360,2000-01,2,42.7577,-87.8065
5512960,2000-01,2,43.344432,-90.402763
5514160,2000-01,2,43.945394,-90.808874
5515870,2000-01,2,43.63,-88.7187
5515900,2000-01,2,44.953,-89.622
5517040,2000-01,2,43.825734,-89.853488
503320,2001-02,2,35.9323,-89.9069
600013,2001-02,2,38.7918,-121.2225
600026,2001-02,2,34.872813,-118.887645
600047,2001-02,2,37.747168,-121.452255
600069,2001-02,2,33.235356,-117.022182
601770,2001-02,2,37.78214,-122.270091
603690,2001-02,2,34.0821,-117.9608
609330,2001-02,2,34.616461,-120.083032
611040,2001-02,2,37.524639,-120.803863
611820,2001-02,2,37.381326,-121.854566
615180,2001-02,2,37.015668,-121.56216
621210,2001-02,2,33.89831,-118.3479
624720,2001-02,2,34.262569,-119.09521
625530,2001-02,2,36.595356,-121.897651
625830,2001-02,2,37.1118,-121.6349
626370,2001-02,2,37.9867,-122.0069
627780,2001-02,2,33.82161,-117.131131
628950,2001-02,2,34.599522,-117.335134
630230,2001-02,2,38.229,-122.6437
631980,2001-02,2,40.1564,-122.2505
632550,2001-02,2,37.934,-122.3585
634170,2001-02,2,34.113442,-117.296368
635830,2001-02,2,38.4493,-122.7232
638640,2001-02,2,32.61002,-117.076745
642330,2001-02,2,39.013652,-121.419313
691030,2001-02,2,32.7715,-117.1793
691063,2001-02,2,41.7728,-124.2061
802280,2001-02,2,39.189387,-106.850896
802730,2001-02,2,39.033971,-104.30135
806660,2001-02,2,40.48793,-106.831941
807350,2001-02,2,40.4799,-104.9133
1200090,2001-02,2,30.172515,-85.675936
1200570,2001-02,2,29.743943,-84.876315
1201080,2001-02,2,26.5999,-81.853481
1600002,2001-02,2,48.3033,-116.538361
1711850,2001-02,2,39.8468,-88.956
1713530,2001-02,2,38.810807,-89.964276
1803450,2001-02,2,37.97278,-87.563691
2006360,2001-02,2,37.074865,-94.632728
2006960,2001-02,2,37.901039,-97.787502
2009780,2001-02,2,38.20221,-97.511722
2010800,2001-02,2,38.6084,-95.4458
2011080,2001-02,2,37.794,-97.6316
2011850,2001-02,2,38.738663,-94.825399
2012260,2001-02,2,39.026091,-95.685314
3412690,2001-02,2,40.89322,-74.153461
3502160,2001-02,2,36.722047,-105.598318
3502250,2001-02,2,33.3959,-104.5275
3502460,2001-02,2,34.063831,-106.899463
3600042,2001-02,2,40.838976,-73.900102
4101920,2001-02,2,45.505268,-122.846847
4101980,2001-02,2,44.056122,-121.317221
4103940,2001-02,2,45.5121,-122.5299
4107380,2001-02,2,44.5411,-122.9127
4108820,2001-02,2,43.4076,-124.226621
4109600,2001-02,2,44.53603,-123.358211
4110520,2001-02,2,45.531757,-122.456499
4113170,2001-02,2,45.3581,-122.7173
4500690,2001-02,2,34.184569,-82.380993
4500720,2001-02,2,33.502,-81.7111
4501860,2001-02,2,34.319207,-79.881259
4800125,2001-02,2,29.73057,-95.480041
4900750,2001-02,2,40.66832,-111.4875
5100090,2001-02,2,38.035,-78.4823
5101440,2001-02,2,37.016,-79.8703
5101710,2001-02,2,38.2968,-78.4411
5101800,2001-02,2,37.0251,-76.3478
5102670,2001-02,2,36.8468,-76.285
5502910,2001-02,2,45.573725,-88.925584
5503660,2001-02,2,44.353395,-87.823588
5503810,2001-02,2,46.335899,-91.255322
5505280,2001-02,2,45.168445,-90.807019
5506030,2001-02,2,43.128254,-88.187719
5506270,2001-02,2,46.015547,-91.489974
5507050,2001-02,2,43.004799,-88.821633
5508640,2001-02,2,46.5915,-91.7218
5510560,2001-02,2,43.876196,-90.169748
5510980,2001-02,2,44.046177,-88.740814
5511190,2001-02,2,44.01642,-88.573211
5512810,2001-02,2,45.5018,-91.746
5514040,2001-02,2,42.921462,-87.870948
5515780,2001-02,2,43.00487,-88.235131
5516260,2001-02,2,43.0186,-88.0001
5516500,2001-02,2,44.324004,-88.926461
5517070,2001-02,2,44.387079,-89.819995
400051,2002-03,2,NA,NA
400072,2002-03,2,33.393979,-111.769652
400103,2002-03,2,33.6129,-112.0133
400106,2002-03,2,33.655167,-112.001566
400131,2002-03,2,33.5065,-111.9646
400157,2002-03,2,33.388081,-111.814252
400202,2002-03,2,32.2059,-110.763712
400219,2002-03,2,33.6308,-112.1369
400227,2002-03,2,33.374071,-112.071383
400235,2002-03,2,33.4051,-111.5541
400240,2002-03,2,NA,NA
400246,2002-03,2,34.28447,-110.121
400266,2002-03,2,34.8638,-111.7926
400310,2002-03,2,33.6485,-112.162111
400321,2002-03,2,33.3052,-111.9528
400324,2002-03,2,33.215769,-117.270112
400326,2002-03,2,33.629859,-112.341577
400327,2002-03,2,33.6544,-112.1881
400328,2002-03,2,34.735219,-112.009436
510950,2002-03,2,35.7065,-90.0125
600014,2002-03,2,34.4247,-117.3224
600021,2002-03,2,37.59261,-121.8845
600063,2002-03,2,37.6401,-120.7739
601950,2002-03,2,36.67689,-121.621211
602700,2002-03,2,40.441853,-122.306066
603000,2002-03,2,40.857351,-124.066896
604230,2002-03,2,34.242929,-116.88111
608130,2002-03,2,37.5902,-120.9487
610710,2002-03,2,32.781755,-116.850402
612070,2002-03,2,38.6946,-120.8238
618690,2002-03,2,37.954023,-120.416999
622920,2002-03,2,34.664309,-120.110563
623820,2002-03,2,35.054081,-119.404595
625020,2002-03,2,NA,NA
626310,2002-03,2,37.3613,-122.0654
628270,2002-03,2,34.448011,-119.242643
629580,2002-03,2,34.5935,-118.1121
630250,2002-03,2,38.229,-122.6437
630990,2002-03,2,34.223521,-119.030267
631710,2002-03,2,33.039168,-116.863533
632370,2002-03,2,34.1306,-117.3715
634680,2002-03,2,37.6961,-122.1605
637680,2002-03,2,33.096564,-116.645535
638010,2002-03,2,37.959115,-121.295666
638280,2002-03,2,37.965413,-120.237802
642300,2002-03,2,40.303946,-121.009227
643370,2002-03,2,NA,NA
691017,2002-03,2,36.94269,-120.054681
691031,2002-03,2,37.9052,-121.2301
804830,2002-03,2,40.3294,-104.8343
806480,2002-03,2,38.768001,-104.739333
1301500,2002-03,2,33.3944,-84.8002
1600930,2002-03,2,43.527554,-111.964106
1602250,2002-03,2,43.1347,-115.6946
1602970,2002-03,2,43.182009,-112.474755
2003780,2002-03,2,39.129163,-94.938575
2004590,2002-03,2,37.645772,-95.450956
2005790,2002-03,2,37.001858,-101.897156
2008970,2002-03,2,38.6004,-94.6393
2010890,2002-03,2,37.642833,-98.743543
2012510,2002-03,2,37.8314,-97.3721
2600128,2002-03,2,42.36991,-83.273321
2600139,2002-03,2,42.31097,-83.129302
2600163,2002-03,2,42.250299,-83.730277
2600186,2002-03,2,43.700325,-85.48495
2600195,2002-03,2,42.996649,-83.678522
2600210,2002-03,2,42.514066,-82.946642
2600212,2002-03,2,42.488664,-82.954078
2600224,2002-03,2,42.3502,-83.08715
2600227,2002-03,2,42.33231,-83.11948
2600228,2002-03,2,42.333579,-83.27677
2600243,2002-03,2,42.33474,-83.11648
2600272,2002-03,2,42.37349,-83.079881
3500300,2002-03,2,32.4244,-104.2276
3500480,2002-03,2,36.511873,-104.919629
3501110,2002-03,2,35.5181,-108.7085
3501530,2002-03,2,35.593438,-105.218845
4103860,2002-03,2,44.9174,-123.317
4112240,2002-03,2,45.4206,-122.7489
4400240,2002-03,2,41.779,-71.4358
4503870,2002-03,2,34.953597,-80.996881
4800020,2002-03,2,29.71388,-95.31281
4800025,2002-03,2,27.757901,-97.432938
4800041,2002-03,2,32.6474,-96.9217
4800087,2002-03,2,NA,NA
4800102,2002-03,2,32.94305,-96.889621
4800139,2002-03,2,29.875291,-93.942768
5104150,2002-03,2,37.1629,-76.456721
5500450,2002-03,2,42.707231,-89.868213
5507440,2002-03,2,43.913586,-88.033534
5510590,2002-03,2,44.38571,-88.750101
5514610,2002-03,2,44.835846,-87.363609
5600730,2002-03,2,41.3096,-105.5702
401740,2003-04,2,32.937747,-111.737062
402320,2003-04,2,32.98462,-111.5328
403780,2003-04,2,33.295777,-111.703694
406070,2003-04,2,34.237298,-111.33086
406120,2003-04,2,35.534394,-113.42552
408850,2003-04,2,32.0136,-110.6986
409733,2003-04,2,34.862702,-111.766417
500043,2003-04,2,36.3327,-92.4033
506930,2003-04,2,35.9943,-94.1739
510440,2003-04,2,35.8129,-90.65
510680,2003-04,2,34.7794,-92.264581
603180,2003-04,2,36.3121,-119.707
607140,2003-04,2,37.257511,-121.940486
609390,2003-04,2,34.079691,-117.333677
613000,2003-04,2,NA,NA
615750,2003-04,2,NA,NA
616680,2003-04,2,33.9038,-118.3524
618390,2003-04,2,33.958694,-118.361722
621360,2003-04,2,36.30716,-119.799881
621990,2003-04,2,36.98396,-121.985471
623340,2003-04,2,36.9525,-120.083
623530,2003-04,2,37.6395,-118.96754
626100,2003-04,2,32.733847,-116.492803
626670,2003-04,2,32.673701,-117.090226
633150,2003-04,2,33.9743,-117.3744
633510,2003-04,2,38.419202,-122.730717
637140,2003-04,2,34.257702,-118.998025
691003,2003-04,2,38.0808,-120.5552
691008,2003-04,2,39.520969,-122.200247
691032,2003-04,2,35.3366,-120.7423
1200810,2003-04,2,28.56642,-82.377721
1200840,2003-04,2,27.50224,-81.418931
1201620,2003-04,2,29.64614,-81.636461
1300900,2003-04,2,34.1723,-84.7922
1304680,2003-04,2,33.5592,-82.91
2006000,2003-04,2,37.567218,-95.243463
2007970,2003-04,2,39.1914,-96.07
2009810,2003-04,2,NA,NA
2400330,2003-04,2,39.411529,-77.406038
2600145,2003-04,2,43.085027,-85.370634
2600166,2003-04,2,42.274589,-83.196748
2600217,2003-04,2,42.389723,-83.043173
2600241,2003-04,2,42.364083,-83.119357
2600244,2003-04,2,42.4014,-83.1355
2600260,2003-04,2,NA,NA
3500030,2003-04,2,32.902208,-105.956462
4502490,2003-04,2,33.8766,-79.0987
4702940,2003-04,2,NA,NA
4703180,2003-04,2,36.1219,-86.766811
4800062,2003-04,2,29.488281,-98.513966
4800063,2003-04,2,29.488719,-98.443171
4800071,2003-04,2,30.3746,-97.7387
4800081,2003-04,2,NA,NA
4800109,2003-04,2,32.52018,-94.706697
5500016,2003-04,2,44.292879,-91.228273
5502640,2003-04,2,42.563242,-88.857213
5504890,2003-04,2,43.476496,-87.943048
5505670,2003-04,2,45.775592,-92.673098
5505910,2003-04,2,42.93561,-87.9982
5510060,2003-04,2,42.873878,-88.332325
5510320,2003-04,2,44.184,-88.4638
5512720,2003-04,2,45.648273,-89.40031
5514970,2003-04,2,45.454675,-90.993682
400212,2004-05,2,31.965411,-110.300353
400621,2004-05,2,33.393142,-111.971952
503750,2004-05,2,34.974817,-92.008041
600022,2004-05,2,36.76104,-120.386942
601680,2004-05,2,38.934997,-121.055904
602310,2004-05,2,37.369397,-121.834111
603030,2004-05,2,40.954809,-124.110379
605040,2004-05,2,39.415299,-121.70327
606270,2004-05,2,38.62588,-121.048271
606480,2004-05,2,37.59171,-122.385791
606570,2004-05,2,36.070575,-119.070169
606810,2004-05,2,32.794987,-116.953563
607920,2004-05,2,33.896131,-118.361842
610770,2004-05,2,41.7728,-124.2061
611280,2004-05,2,38.4447,-121.8226
615390,2004-05,2,38.694112,-120.717242
619680,2004-05,2,36.20912,-121.127081
621060,2004-05,2,40.41739,-120.657751
621540,2004-05,2,38.278741,-122.706194
623800,2004-05,2,38.8111,-121.543
624000,2004-05,2,38.50123,-122.742111
624540,2004-05,2,33.688283,-117.153009
624750,2004-05,2,38.75612,-122.615171
627120,2004-05,2,38.87479,-121.134041
627840,2004-05,2,38.4379,-122.8063
629910,2004-05,2,36.6174,-119.5276
629940,2004-05,2,34.1402,-118.1339
630930,2004-05,2,39.051271,-121.066205
631180,2004-05,2,39.0269,-121.5153
632640,2004-05,2,38.444244,-122.675205
634880,2004-05,2,33.1423,-117.1657
636940,2004-05,2,41.321288,-122.306139
640710,2004-05,2,33.413501,-117.148715
691020,2004-05,2,37.29776,-120.488524
691033,2004-05,2,37.525894,-122.263084
691035,2004-05,2,37.38406,-121.9012
691047,2004-05,2,34.21448,-118.999401
801950,2004-05,2,39.8055,-104.928
802430,2004-05,2,39.761229,-104.424797
803870,2004-05,2,38.94168,-104.625601
804350,2004-05,2,39.0701,-108.5397
805730,2004-05,2,40.519191,-107.5469
1200120,2004-05,2,29.951584,-82.112663
1200540,2004-05,2,29.47195,-81.245701
1300630,2004-05,2,32.460199,-81.793868
1305700,2004-05,2,34.7504,-84.9697
1600010,2004-05,2,46.79769,-116.559091
1600600,2004-05,2,43.62336,-116.680391
1602850,2004-05,2,45.171242,-113.890515
1740200,2004-05,2,38.661299,-90.167684
1900023,2004-05,2,42.8742,-95.1493
1927390,2004-05,2,42.6421,-95.2008
1999019,2004-05,2,42.34196,-94.105751
2005370,2004-05,2,37.645516,-98.432832
2005730,2004-05,2,37.8174,-96.8508
2006690,2004-05,2,38.472233,-101.757633
2007050,2004-05,2,37.5642,-97.3731
2007620,2004-05,2,38.070048,-97.922018
2008400,2004-05,2,38.9807,-95.2584
2009840,2004-05,2,37.475915,-97.235553
2013050,2004-05,2,37.2354,-96.9711
3200090,2004-05,2,38.95374,-119.767841
3200390,2004-05,2,39.165,-119.7784
3500900,2004-05,2,36.2152,-106.3443
3501500,2004-05,2,32.3056,-106.7774
3501560,2004-05,2,35.591597,-105.224004
3904383,2004-05,2,41.13834,-81.487478
4100009,2004-05,2,44.9392,-123.0283
4100015,2004-05,2,45.105469,-122.897251
4100023,2004-05,2,45.5448,-122.9339
4100048,2004-05,2,45.6261,-121.2271
4101800,2004-05,2,43.11566,-124.418441
4104950,2004-05,2,44.0694,-123.3549
4105760,2004-05,2,42.407866,-124.421806
4106000,2004-05,2,45.50689,-122.435571
4108830,2004-05,2,45.4322,-122.617
4110530,2004-05,2,42.950504,-123.361825
4110980,2004-05,2,45.7503,-122.8743
4111220,2004-05,2,45.09503,-123.395131
4111450,2004-05,2,45.01313,-122.787681
4111580,2004-05,2,43.7955,-123.0634
4111720,2004-05,2,45.86572,-122.8158
4112930,2004-05,2,45.86173,-123.179721
4113530,2004-05,2,45.1508,-122.8592
4502010,2004-05,2,32.9974,-80.216
4502070,2004-05,2,33.8282,-81.867006
4503360,2004-05,2,34.012707,-81.030967
5500630,2004-05,2,44.685257,-91.141028
5502100,2004-05,2,43.005273,-89.010419
5507470,2004-05,2,44.2663,-88.3241
5507500,2004-05,2,43.73948,-87.784221
5507860,2004-05,2,44.951283,-88.042237
5508940,2004-05,2,45.13682,-90.345221
5511160,2004-05,2,45.331258,-92.692355
5513380,2004-05,2,NA,NA
5513650,2004-05,2,43.74783,-87.714541
5513800,2004-05,2,43.08902,-87.88886
5602820,2004-05,2,42.999266,-108.855502
513530,2005-06,2,35.084048,-92.198632
602010,2005-06,2,35.88568,-119.485239
605280,2005-06,2,34.86554,-120.295
607680,2005-06,2,40.447894,-122.3066
612750,2005-06,2,33.0369,-117.2383
618870,2005-06,2,37.679008,-122.484539
620160,2005-06,2,NA,NA
625980,2005-06,2,38.70847,-120.829181
627750,2005-06,2,39.185747,-121.678075
629790,2005-06,2,37.62509,-121.0576
637350,2005-06,2,40.73457,-124.208687
691010,2005-06,2,32.752056,-115.563896
691037,2005-06,2,40.58012,-122.401521
806990,2005-06,2,37.3736,-102.4494
1300390,2005-06,2,31.217068,-83.248909
1301050,2005-06,2,32.3073,-84.7814
1301230,2005-06,2,33.5359,-84.3567
1302220,2005-06,2,34.23248,-84.120841
1602190,2005-06,2,42.621767,-113.671
1803270,2005-06,2,41.6954,-86.017
1908580,2005-06,2,41.5362,-90.5741
1914280,2005-06,2,43.376383,-92.102833
1930870,2005-06,2,42.770418,-91.880196
2000002,2005-06,2,38.5724,-97.6764
2005010,2005-06,2,39.396037,-101.051974
2005940,2005-06,2,38.4069,-96.2019
2009960,2005-06,2,38.0428,-97.3406
2011970,2005-06,2,37.962423,-98.595403
2400060,2005-06,2,38.97622,-76.559421
2400090,2005-06,2,39.3113,-76.6137
3300017,2005-06,2,42.9755,-70.9572
3303240,2005-06,2,43.0195,-71.599
3500010,2005-06,2,35.26591,-106.631401
3502430,2005-06,2,32.792485,-108.269518
4502130,2005-06,2,34.1928,-79.7658
4502670,2005-06,2,34.226021,-80.251722
5500052,2005-06,2,42.509671,-88.12786
5500810,2005-06,2,43.4689,-89.7429
5600960,2005-06,2,42.9631,-108.4915
600015,2006-07,2,34.408518,-116.90668
600061,2006-07,2,37.736218,-120.928989
600064,2006-07,2,36.076857,-119.030639
600160,2006-07,2,37.329104,-119.632365
609030,2006-07,2,36.83649,-119.689351
614010,2006-07,2,38.473315,-122.888105
614370,2006-07,2,37.31514,-121.849501
616740,2006-07,2,37.6568,-122.0934
619800,2006-07,2,36.525119,-119.553336
627600,2006-07,2,NA,NA
629270,2006-07,2,34.20528,-119.191471
629430,2006-07,2,40.894606,-124.092565
634710,2006-07,2,37.6892,-122.1288
635670,2006-07,2,34.9128,-120.454
636390,2006-07,2,37.4821,-122.236
643560,2006-07,2,34.021656,-117.047507
691005,2006-07,2,37.9353,-122.0698
691009,2006-07,2,40.80149,-124.149411
691043,2006-07,2,40.17838,-122.245701
803000,2006-07,2,39.739,-105.5237
805400,2006-07,2,40.38395,-105.095911
1100008,2006-07,2,38.911151,-77.006122
1200660,2006-07,2,26.839191,-81.103937
1202013,2006-07,2,30.385226,-84.223896
1301800,2006-07,2,32.0903,-83.7941
1301830,2006-07,2,31.5784,-84.1517
1301860,2006-07,2,33.73756,-84.769041
1303510,2006-07,2,33.9578,-84.5279
1303780,2006-07,2,33.595191,-83.454682
1304380,2006-07,2,33.4757,-81.9671
1304410,2006-07,2,33.6708,-84.0198
1909480,2006-07,2,42.5112,-90.7062
1913660,2006-07,2,43.18037,-95.473204
2012030,2006-07,2,38.215594,-98.20295
2012360,2006-07,2,39.0836,-94.7053
2400390,2006-07,2,39.5363,-76.3469
2400510,2006-07,2,38.815333,-76.759758
3200002,2006-07,2,NA,NA
3500150,2006-07,2,36.8266,-108.0066
3500210,2006-07,2,35.321292,-106.543727
3500690,2006-07,2,32.2606,-107.7542
4101230,2006-07,2,45.1134,-123.2063
4102310,2006-07,2,42.05848,-124.280867
4103265,2006-07,2,46.09124,-122.986951
4103960,2006-07,2,42.96997,-123.16616
4106510,2006-07,2,45.7062,-121.5214
4108520,2006-07,2,45.8953,-119.5073
4109330,2006-07,2,45.3565,-122.5945
4109510,2006-07,2,45.65519,-118.809731
4110350,2006-07,2,44.254,-121.1678
4110710,2006-07,2,43.2315,-123.3753
4111290,2006-07,2,45.3513,-122.8415
4111970,2006-07,2,44.398,-122.7217
4501530,2006-07,2,34.715066,-81.179638
4814280,2006-07,2,29.5281,-95.0726
4814640,2006-07,2,32.397631,-100.860757
4815270,2006-07,2,27.796,-97.39892
4816230,2006-07,2,32.869929,-96.853324
4823640,2006-07,2,29.80287,-95.455601
4832090,2006-07,2,31.59671,-94.647891
4838730,2006-07,2,29.41772,-98.487041
4841100,2006-07,2,29.78232,-95.514429
5506000,2006-07,2,42.953972,-88.057669
5508820,2006-07,2,44.659387,-90.163447
5510830,2006-07,2,42.9056,-87.9271
5513020,2006-07,2,43.8296,-88.8361
5513290,2006-07,2,42.567284,-88.107028
5513410,2006-07,2,43.2794,-89.7312
502880,2007-08,2,35.06837,-91.89723
600159,2007-08,2,41.606996,-122.841859
631320,2007-08,2,34.052353,-117.749922
633110,2007-08,2,38.15738,-121.694881
641580,2007-08,2,38.57759,-121.531521
691027,2007-08,2,38.56616,-121.299161
691029,2007-08,2,34.1105,-117.2938
1200990,2007-08,2,30.541929,-83.872765
1202012,2007-08,2,26.3734,-80.109041
1302490,2007-08,2,33.5682,-83.1819
1302550,2007-08,2,33.950008,-83.9994
1303870,2007-08,2,32.467423,-84.974927
1305580,2007-08,2,32.06837,-84.54329
1708550,2007-08,2,42.161247,-88.337719
1900025,2007-08,2,41.692542,-94.375259
1926280,2007-08,2,41.3248,-92.208
2008100,2007-08,2,37.920851,-99.412931
2009390,2007-08,2,38.374,-97.6669
2010560,2007-08,2,37.3256,-95.2813
2400600,2007-08,2,38.304265,-76.640356
3200001,2007-08,2,39.1613,-119.7624
3501380,2007-08,2,36.071653,-107.0512
4105160,2007-08,2,45.5167,-123.1122
4107020,2007-08,2,42.129233,-121.757205
4107080,2007-08,2,42.2149,-121.7524
4108040,2007-08,2,42.31606,-122.873291
4111490,2007-08,2,44.2913,-121.545
4811790,2007-08,2,30.67377,-96.369461
4813050,2007-08,2,32.957744,-96.89557
4826790,2007-08,2,27.5072,-99.5125
4829670,2007-08,2,26.217535,-98.253613
5500870,2007-08,2,45.40437,-91.860161
5501170,2007-08,2,45.654162,-91.553771
5501920,2007-08,2,46.016531,-90.496264
5502820,2007-08,2,43.3369,-89.0191
5503090,2007-08,2,45.52883,-92.031505
5508610,2007-08,2,44.099177,-87.684481
5508970,2007-08,2,46.323511,-90.659848
5509150,2007-08,2,46.169582,-90.063297
5509210,2007-08,2,45.188695,-89.672781
5510380,2007-08,2,44.3201,-89.9039
5510620,2007-08,2,45.111629,-92.524654
5510920,2007-08,2,44.890874,-87.871154
5515990,2007-08,2,43.05936,-88.063521
5516320,2007-08,2,44.44669,-88.071131
403200,2009-10,2,33.034299,-109.964523
407530,2009-10,2,32.75885,-111.55655
500017,2009-10,2,36.056311,-90.505357
508940,2009-10,2,35.949,-94.4239
600027,2009-10,2,33.68274,-117.335929
600031,2009-10,2,35.91843,-121.468014
600042,2009-10,2,33.275248,-116.642924
601332,2009-10,2,38.659411,-121.388194
601710,2009-10,2,34.572028,-117.406618
604200,2009-10,2,37.700495,-122.41394
605700,2009-10,2,33.26541,-116.381806
609300,2009-10,2,39.10621,-120.9616
609690,2009-10,2,36.1017,-119.5665
610620,2009-10,2,38.547569,-121.745154
610890,2009-10,2,35.7744,-119.238861
612030,2009-10,2,32.7939,-115.5663
615810,2009-10,2,37.572463,-120.790893
616860,2009-10,2,34.740361,-117.328987
617040,2009-10,2,33.866377,-118.396953
619700,2009-10,2,36.604182,-119.454672
621400,2009-10,2,36.2984,-119.7797
622410,2009-10,2,34.65871,-120.450211
622560,2009-10,2,38.83065,-121.201661
623160,2009-10,2,33.926366,-118.199955
628710,2009-10,2,34.86133,-120.442791
631830,2009-10,2,40.820247,-120.578003
632010,2009-10,2,40.17819,-122.251733
633750,2009-10,2,33.984867,-117.889088
633900,2009-10,2,37.7077,-121.0775
635430,2009-10,2,37.35617,-121.995758
636420,2009-10,2,40.3822,-120.3825
638670,2009-10,2,37.689,-120.9857
642210,2009-10,2,36.400159,-120.142683
642990,2009-10,2,33.907994,-118.378685
643200,2009-10,2,38.419068,-122.775831
691011,2009-10,2,36.803214,-118.199458
691038,2009-10,2,41.727856,-122.643286
1100030,2009-10,2,38.9058,-77.0059
1300214,2009-10,2,34.60484,-83.769581
1705310,2009-10,2,40.007694,-90.423003
1728620,2009-10,2,40.5024,-89.0213
1734510,2009-10,2,42.26207,-89.081541
2003180,2009-10,2,38.9171,-97.2154
2004410,2009-10,2,37.0177,-95.9262
2007440,2009-10,2,38.797107,-96.731937
2007560,2009-10,2,37.17694,-101.345941
2007590,2009-10,2,37.8102,-95.4363
2007950,2009-10,2,39.128774,-94.715261
2008880,2009-10,2,38.396564,-98.008325
2010350,2009-10,2,37.16745,-95.108321
2012420,2009-10,2,37.580605,-101.359431
2400120,2009-10,2,39.402849,-76.63086
3416380,2009-10,2,40.778312,-74.031495
3501080,2009-10,2,31.838304,-106.619123
4101710,2009-10,2,44.77783,-117.834001
4102490,2009-10,2,43.59027,-119.057927
4103420,2009-10,2,45.5295,-122.2956
4104620,2009-10,2,43.638117,-123.570596
4104700,2009-10,2,45.294454,-122.333233
4105640,2009-10,2,42.748437,-123.419442
4106630,2009-10,2,45.4618,-117.9639
4107740,2009-10,2,44.171014,-122.853226
4501110,2009-10,2,32.40787,-80.716941
4701530,2009-10,2,35.426652,-85.721883
4701590,2009-10,2,35.07331,-85.153561
4703000,2009-10,2,35.534642,-84.355041
4812780,2009-10,2,31.9186,-106.6006
4813230,2009-10,2,32.5929,-96.9507
4820280,2009-10,2,29.280775,-94.805741
5103240,2009-10,2,37.5413,-77.4333
5500058,2009-10,2,45.945897,-90.454357
5501260,2009-10,2,44.29738,-90.852091
5505880,2009-10,2,43.850251,-88.95978
5506540,2009-10,2,43.9704,-91.2794
5508910,2009-10,2,43.01244,-89.296101
5509870,2009-10,2,43.796286,-89.322211
5514220,2009-10,2,45.8424,-91.8958
5516860,2009-10,2,45.818985,-91.012841
506270,2010-11,2,35.015956,-90.788471
601409,2010-11,2,37.36308,-118.399281
603480,2010-11,2,38.9062,-121.0731
604740,2010-11,2,37.869411,-122.287468
605240,2010-11,2,38.912009,-120.83115
607170,2010-11,2,38.73281,-120.678931
608460,2010-11,2,34.01908,-117.691762
609070,2010-11,2,33.638,-116.1443
609940,2010-11,2,38.339091,-122.699703
609990,2010-11,2,40.38599,-122.291924
611610,2010-11,2,38.320077,-122.751794
613710,2010-11,2,39.593685,-121.263586
613980,2010-11,2,39.01012,-120.843781
614070,2010-11,2,39.438918,-123.795551
619650,2010-11,2,36.2085,-121.1336
620880,2010-11,2,34.694731,-118.139021
625150,2010-11,2,37.63918,-121.012561
625690,2010-11,2,34.2817,-118.8961
626400,2010-11,2,37.348698,-121.800521
629550,2010-11,2,33.823197,-116.537248
630720,2010-11,2,38.996,-121.0232
633210,2010-11,2,37.63826,-120.6189
636660,2010-11,2,37.609659,-121.115978
638040,2010-11,2,36.484435,-119.224104
643080,2010-11,2,38.6764,-121.7671
691046,2010-11,2,37.97904,-120.391277
805550,2010-11,2,39.8417,-104.9794
1100079,2010-11,2,38.823814,-77.002125
1200450,2010-11,2,29.637559,-83.132626
1601020,2010-11,2,43.87255,-116.492441
1731230,2010-11,2,40.726513,-89.583964
1908970,2010-11,2,41.585295,-93.628787
3407830,2010-11,2,40.7142,-74.0878
4102040,2010-11,2,44.0845,-123.1747
4103720,2010-11,2,44.30458,-120.830791
4106900,2010-11,2,42.34697,-123.334671
4109720,2010-11,2,44.882806,-117.116407
4110410,2010-11,2,43.6905,-124.1321
4110890,2010-11,2,45.4025,-122.2884
4111670,2010-11,2,44.05,-123.0257
4503390,2010-11,2,34.0545,-80.9427
4833060,2010-11,2,NA,NA
5502130,2010-11,2,45.403178,-91.737722
5506140,2010-11,2,43.07632,-88.359694
5506420,2010-11,2,43.05315,-90.375411
5509690,2010-11,2,45.823306,-89.714431
507740,2011-12,2,35.4043,-90.807661
600044,2011-12,2,38.6235,-122.866
600116,2011-12,2,37.227663,-119.501916
600158,2011-12,2,37.5001,-120.8271
601414,2011-12,2,34.42192,-119.695691
601415,2011-12,2,36.69826,-119.793281
608340,2011-12,2,39.14492,-120.9775
615480,2011-12,2,39.730944,-121.528183
621870,2011-12,2,36.2062,-119.088
622740,2011-12,2,37.053139,-120.839684
623940,2011-12,2,37.489741,-119.965149
626880,2011-12,2,39.241706,-121.054248
628530,2011-12,2,36.68262,-119.780575
630180,2011-12,2,33.7855,-117.2271
631680,2011-12,2,36.600398,-119.90628
633330,2011-12,2,NA,NA
636330,2011-12,2,35.602232,-119.507938
691049,2011-12,2,38.6956,-121.7573
1100087,2011-12,2,38.8998,-77.0183
1200360,2011-12,2,30.18893,-82.641661
1300840,2011-12,2,33.569,-85.0446
1301170,2011-12,2,33.96298,-83.432101
1301680,2011-12,2,33.78314,-84.306721
1301980,2011-12,2,32.373851,-81.309963
1302190,2011-12,2,34.280961,-85.168598
1302310,2011-12,2,34.3007,-83.8329
1302400,2011-12,2,31.14772,-81.491341
1302610,2011-12,2,34.3086,-83.8279
1302880,2011-12,2,32.4589,-83.7288
1303930,2011-12,2,33.599626,-83.850436
1305040,2011-12,2,32.206458,-82.321761
1720280,2011-12,2,39.735561,-90.235453
2200600,2011-12,2,30.8625,-91.0137
2200900,2011-12,2,29.792253,-90.813058
2900024,2011-12,2,39.01231,-94.563861
2900028,2011-12,2,39.064634,-94.56781
3305580,2011-12,2,43.1451,-71.4559
3402640,2011-12,2,39.948017,-75.126143
3410020,2011-12,2,39.0869,-74.8192
3411340,2011-12,2,40.737943,-74.170931
4007620,2011-12,2,35.478617,-97.301788
4013140,2011-12,2,NA,NA
4101470,2011-12,2,45.712229,-120.19994
4102580,2011-12,2,42.54122,-122.564821
4106870,2011-12,2,45.35244,-117.225681
4110680,2011-12,2,42.455919,-123.168146
4703810,2011-12,2,NA,NA
4828500,2011-12,2,33.57787,-101.8545
5500061,2011-12,2,45.31256,-91.661591
5503510,2011-12,2,43.0167,-88.3753
5505250,2011-12,2,44.886922,-88.314379
5505820,2011-12,2,44.5151,-88.023061
5506600,2011-12,2,44.33829,-88.634991
5507290,2011-12,2,44.257222,-88.256601
5508160,2011-12,2,44.287612,-88.310561
5508670,2011-12,2,44.932743,-89.833511
5509720,2011-12,2,46.156611,-91.813263
5513170,2011-12,2,44.89985,-89.595441
5513770,2011-12,2,44.444155,-88.57457
5514250,2011-12,2,43.178271,-90.076428
5516680,2011-12,2,42.82969,-88.751931
400001,2012-13,2,33.78835,-111.956391
402400,2012-13,2,32.69938,-114.669701
500006,2012-13,2,33.6183,-92.0685
600001,2012-13,2,34.47264,-118.196461
601420,2012-13,2,40.596431,-124.157604
603870,2012-13,2,37.754961,-121.372955
604290,2012-13,2,33.937179,-116.990525
604380,2012-13,2,38.4005,-122.71
606510,2012-13,2,40.808949,-123.479719
608700,2012-13,2,38.258897,-122.665515
609870,2012-13,2,32.696125,-117.187199
610980,2012-13,2,41.704865,-122.563615
612600,2012-13,2,38.711732,-121.462873
612840,2012-13,2,37.799871,-120.99633
615840,2012-13,2,38.360801,-122.785417
617340,2012-13,2,36.824271,-121.401742
618930,2012-13,2,37.6692,-122.4785
626460,2012-13,2,34.383115,-119.068701
628320,2012-13,2,38.246,-122.6109
632880,2012-13,2,37.74226,-121.127711
635010,2012-13,2,35.757136,-120.697498
638880,2012-13,2,35.12964,-118.446373
691025,2012-13,2,38.906526,-121.081162
1600960,2012-13,2,42.092064,-111.873334
1700110,2012-13,2,42.323,-87.8562
2201770,2012-13,2,32.794351,-92.388055
2400480,2012-13,2,39.094554,-77.157614
3500990,2012-13,2,36.748521,-108.202281
4105430,2012-13,2,45.43577,-123.141941
4111250,2012-13,2,45.473892,-120.741637
4500900,2012-13,2,34.5109,-82.6877
4503210,2012-13,2,33.4968,-80.8635
4700147,2012-13,2,36.168,-86.7872
4808940,2012-13,2,30.2722,-97.756
5103840,2012-13,2,36.750911,-76.060555
5500510,2012-13,2,46.569615,-90.885586
5513620,2012-13,2,44.7615,-88.601
5601980,2012-13,2,41.1446,-104.8189
401410,2013-14,2,33.374069,-112.57631
401460,2013-14,2,31.554658,-110.261683
402370,2013-14,2,34.7407,-112.026781
402690,2013-14,2,33.627784,-112.382744
403870,2013-14,2,34.633818,-112.314852
404320,2013-14,2,33.38103,-112.486098
404380,2013-14,2,33.49131,-112.355526
404720,2013-14,2,33.054116,-112.04289
405190,2013-14,2,34.911602,-114.600012
405930,2013-14,2,33.623607,-112.014406
407170,2013-14,2,33.492511,-112.870435
408280,2013-14,2,32.25002,-110.755241
408550,2013-14,2,32.783854,-111.619859
408800,2013-14,2,32.2225,-110.9558
409060,2013-14,2,33.603561,-112.158848
409190,2013-14,2,33.9693,-112.7337
502790,2013-14,2,34.553522,-92.51083
508280,2013-14,2,35.8169,-90.7089
513110,2013-14,2,33.457186,-94.032189
602100,2013-14,2,32.8365,-116.774491
611520,2013-14,2,34.1396,-117.9702
622110,2013-14,2,37.689,-121.7918
624690,2013-14,2,39.141838,-121.909962
803330,2013-14,2,38.7648,-107.9761
1201200,2013-14,2,30.471,-83.4099
1302460,2013-14,2,30.877451,-84.208137
1302820,2013-14,2,33.45099,-84.133221
2200300,2013-14,2,32.4709,-93.7704
2201080,2013-14,2,32.525343,-92.108244
2201110,2013-14,2,32.7567,-91.9582
4105310,2013-14,2,42.827994,-118.91453
4700148,2013-14,2,35.1289,-89.9732
4821420,2013-14,2,32.7069,-96.9941
4838190,2013-14,2,29.824721,-95.993638
5500120,2013-14,2,42.706961,-89.434
5500330,2013-14,2,44.455306,-89.285157
5503860,2013-14,2,45.937118,-89.252177
5513100,2013-14,2,43.80942,-88.678891
5515750,2013-14,2,43.191532,-88.724089
5516290,2013-14,2,43.4141,-88.181
503030,2014-15,2,36.455962,-94.12397
506420,2014-15,2,34.57159,-92.98837
508040,2014-15,2,35.1436,-90.1936
601426,2014-15,2,33.28701,-117.219281
601427,2014-15,2,39.254813,-121.198362
601428,2014-15,2,33.907994,-118.378685
602610,2014-15,2,33.8229,-117.8977
606750,2014-15,2,37.877655,-121.640514
613170,2014-15,2,40.358747,-122.331115
616470,2014-15,2,36.3326,-119.6396
619320,2014-15,2,38.9756,-122.8312
621690,2014-15,2,37.99989,-121.334871
629100,2014-15,2,39.5132,-121.5461
633240,2014-15,2,38.6626,-121.4472
634980,2014-15,2,37.577516,-122.331365
639930,2014-15,2,36.2141,-119.331
642420,2014-15,2,40.629128,-121.909433
691001,2014-15,2,38.352522,-120.777685
802700,2014-15,2,39.70791,-104.2151
1200300,2014-15,2,29.992222,-81.683831
1300420,2014-15,2,32.8365,-83.626
2200054,2014-15,2,29.9531,-90.0798
4104500,2014-15,2,42.4726,-122.8006
4107590,2014-15,2,43.917204,-122.781018
4812420,2014-15,2,27.86117,-97.634602
5102250,2014-15,2,39.0334,-77.5174
5300331,2014-15,2,47.610786,-122.310166
5503240,2014-15,2,43.428392,-91.195406
5506060,2014-15,2,44.973447,-92.437928
5514910,2014-15,2,43.9719,-90.5058
5515060,2014-15,2,45.398001,-92.138887
